Workbook

Sheet BOM
A1: WYVERN-E 3.0 — Master Bill of Materials (complete project)
A2: Prices re-verified 2026-06-21 (Adafruit/Apogee/CSRocketry live; Amazon=list) · Pi5 4GB $130 · booster = F52T reload (ARC-legal F) ×12 + 4 casings · Teensy 4.0 runs real-time hardware PWM (servos via PCA9685) · wind tunnel + TVC balance on 'GSE & Test Equip' sheet · *PJRC/JollyLogic/McMaster = noted exceptions
A4: 1. Flight Computer, Sensors & Control
A5: Item | B5: Storefront | C5: Part # / Spec | D5: Link | E5: Stock | F5: Qty | G5: Unit ($) | H5: Line ($)
A6: Raspberry Pi 5 (4 GB) | B6: Adafruit | C6: ID 5812 | D6: Buy ▸ | E6: In stock | F6: 1 | G6: 130 | H6: =F6*G6 -> 130
A7: Official Pi 5 Active Cooler | B7: Adafruit | C7: ID 5815 | D7: Buy ▸ | E7: In stock | F7: 1 | G7: 13.5 | H7: =F7*G7 -> 13.5
A8: Teensy 4.0 — real-time TVC PWM / control coprocessor | B8: PJRC* | C8: Teensy 4.0 | D8: Buy ▸ | E8: In stock | F8: 1 | G8: 19.95 | H8: =F8*G8 -> 19.95
A9: Camera Module 3 | B9: Adafruit | C9: ID 5657 | D9: Buy ▸ | E9: In stock | F9: 1 | G9: 29.25 | H9: =F9*G9 -> 29.25
A10: Pi 5 FPC camera cable 22→15-pin 200mm | B10: Adafruit | C10: ID 5818 | D10: Buy ▸ | E10: In stock | F10: 1 | G10: 2.7 | H10: =F10*G10 -> 2.7
A11: BNO085 9-DOF IMU (gimbal / FC / nose) | B11: Adafruit | C11: ID 4754 | D11: Buy ▸ | E11: In stock | F11: 3 | G11: 24.95 | H11: =F11*G11 -> 74.85
A12: LSM6DSO32 ±32 g accel/gyro | B12: Adafruit | C12: ID 4692 | D12: Buy ▸ | E12: In stock | F12: 1 | G12: 11.95 | H12: =F12*G12 -> 11.95
A13: LIS2MDL magnetometer | B13: Adafruit | C13: ID 4488 | D13: Buy ▸ | E13: In stock | F13: 1 | G13: 4.95 | H13: =F13*G13 -> 4.95
A14: BMP280 barometer | B14: Adafruit | C14: ID 2651 | D14: Buy ▸ | E14: In stock | F14: 1 | G14: 9.95 | H14: =F14*G14 -> 9.95
A15: BME688 gas/T/P/RH | B15: Adafruit | C15: ID 5046 | D15: Buy ▸ | E15: In stock | F15: 1 | G15: 22.5 | H15: =F15*G15 -> 22.5
A16: microSD SPI breakout (video + log) | B16: Adafruit | C16: ID 4682 | D16: Buy ▸ | E16: In stock | F16: 2 | G16: 3.95 | H16: =F16*G16 -> 7.9
A17: SanDisk 32 GB microSD (video/log/boot) | B17: Amazon | C17: B08GY9NYRM | D17: Buy ▸ | E17: In stock | F17: 3 | G17: 9 | H17: =F17*G17 -> 27
... A21: Arduino Nano (3-pk) — bench / stand DAQ | B21: Amazon | C21: LAFVIN B07G99NNXL | D21: Buy ▸ | E21: In stock | F21: 1 | G21: 15.99 | H21: =F21*G21 -> 15.99
A22: Subtotal | H22: =SUM(H6:H21) -> 398.39
A24: 2. Power System (USB-C rechargeable)
A25: Item | B25: Storefront | C25: Part # / Spec | D25: Link | E25: Stock | F25: Qty | G25: Unit ($) | H25: Line ($)
A26: 3S Li-Po 11.1 V 3000 mAh w/ XT60 | B26: Amazon | C26: E-flite B013TKVHPO | D26: Buy ▸ | E26: In stock | F26: 1 | G26: 33.99 | H26: =F26*G26 -> 33.99
A27: IP2368 USB-C PD buck-boost charge board | B27: Amazon | C27: B0DP6CGN33 | D27: Buy ▸ | E27: In stock | F27: 1 | G27: 16 | H27: =F27*G27 -> 16
A28: DROK 9-36V→5V 6A buck (Pi 5 rail) | B28: Amazon | C28: DROK B01NALDSJ0 | D28: Buy ▸ | E28: In stock | F28: 1 | G28: 10.99 | H28: =F28*G28 -> 10.99
A29: DROK 6.5-36V→1.2-32V 4.5A buck (6 V servo rail) | B29: Amazon | C29: DROK B07FL6PBZF | D29: Buy ▸ | E29: In stock | F29: 1 | G29: 13.99 | H29: =F29*G29 -> 13.99
A30: Master switch + fuse + distribution | B30: Adafruit | C30: ID 3218 | D30: Buy ▸ | E30: In stock | F30: 1 | G30: 8 | H30: =F30*G30 -> 8
A31: Subtotal | H31: =SUM(H26:H30) -> 82.97
A33: 3. Recovery & Pyro
A34: Item | B34: Storefront | C34: Part # / Spec | D34: Link | E34: Stock | F34: Qty | G34: Unit ($) | H34: Line ($)
A35: MissileWorks RRC3+ dual-deploy + 2nd-stage | B35: Apogee | C35: id 2048 | D35: Buy ▸ | E35: In stock | F35: 1 | G35: 79.95 | H35: =F35*G35 -> 79.95
A36: Jolly Logic Altimeter 2 (backup record) | B36: Jolly Logic* | C36: AltimeterTwo | D36: Buy ▸ | E36: In stock | F36: 1 | G36: 79.95 | H36: =F36*G36 -> 79.95
A37: Estes Rip Stop 24" nylon parachute | B37: Estes | C37: Rip Stop 24 | D37: Buy ▸ | E37: In stock | F37: 1 | G37: 10.25 | H37: =F37*G37 -> 10.25
A38: 1/8" Kevlar shock cord (4500#, 30 ft) | B38: Apogee | C38: Kevlar 30ft | D38: Buy ▸ | E38: In stock | F38: 1 | G38: 12 | H38: =F38*G38 -> 12
A39: Firewire initiators (6/pk) | B39: Apogee | C39: id 2449 | D39: Buy ▸ | E39: In stock | F39: 1 | G39: 14 | H39: =F39*G39 -> 14
A40: Ejection canister caps (2 pk) | B40: Apogee | C40: E-Match Mate | D40: Buy ▸ | E40: In stock | F40: 1 | G40: 7.95 | H40: =F40*G40 -> 7.95
A41: FFFFg black powder (per-flight lot) | B41: Apogee | C41: Ejection Sys | D41: Buy ▸ | E41: In stock | F41: 1 | G41: 4 | H41: =F41*G41 -> 4
A42: Subtotal | H42: =SUM(H35:H41) -> 208.1
A44: 4. TVC — System A (tri-solenoid; Teensy hardware PWM)
A45: Item | B45: Storefront | C45: Part # / Spec | D45: Link | E45: Stock | F45: Qty | G45: Unit ($) | H45: Line ($)
A46: 50 N 12 V solenoid (gimbal actuator) | B46: Amazon | C46: TOMSHIELE B0CTG4X882 | D46: Buy ▸ | E46: In stock | F46: 3 | G46: 10.99 | H46: =F46*G46 -> 32.97
A47: IRF520 MOSFET driver (4-ct) — gated by Teensy FlexPWM | B47: Amazon | C47: HiLetgo B01I1J14MO | D47: Buy ▸ | E47: In stock | F47: 1 | G47: 6.99 | H47: =F47*G47 -> 6.99
A48: 1N4007 flyback diodes (125-ct) | B48: Amazon | C48: B0FC2CQF24 | D48: Buy ▸ | E48: In stock | F48: 1 | G48: 5.99 | H48: =F48*G48 -> 5.99
A49: N52 magnets 1.26in (20-ct) — gimbal return/detent | B49: Amazon | C49: B093G7WYY9 | D49: Buy ▸ | E49: In stock | F49: 1 | G49: 25 | H49: =F49*G49 -> 25
A50: Subtotal | H50: =SUM(H46:H49) -> 70.95
A52: 5. TVC — System B (servo-gimbal; PCA9685 hardware PWM)
A53: Item | B53: Storefront | C53: Part # / Spec | D53: Link | E53: Stock | F53: Qty | G53: Unit ($) | H53: Line ($)
A54: DS3235 35 kg·cm digital servo | B54: Amazon | C54: ANNIMOS B0BBB8DBRR | D54: Buy ▸ | E54: In stock | F54: 3 | G54: 18.99 | H54: =F54*G54 -> 56.97
A55: PCA9685 16-ch hardware PWM driver (I²C) | B55: Adafruit | C55: ID 815 | D55: Buy ▸ | E55: In stock | F55: 1 | G55: 9.95 | H55: =F55*G55 -> 9.95
A56: Servo gimbal linkage + ball-links | B56: McMaster* | C56: ball-links | D56: Buy ▸ | E56: In stock | F56: 1 | G56: 25 | H56: =F56*G56 -> 25
A57: Subtotal | H57: =SUM(H54:H56) -> 91.92
A59: 6. Propulsion (reloads; booster ≥10 + 3+ casings per spec)
A60: Item | B60: Storefront | C60: Part # / Spec | D60: Link | E60: Stock | F60: Qty | G60: Unit ($) | H60: Line ($)
A61: AeroTech G25W-10 sustainer reload (4.7 s TVC burn) | B61: Apogee | C61: G25W-10 | D61: Buy ▸ | E61: In stock | F61: 8 | G61: 33.3 | H61: =F61*G61 -> 266.4
A62: AeroTech F52T booster reload (ARC-legal F, 70.9 N init) | B62: Apogee | C62: F52T-5 | D62: Buy ▸ | E62: Regular (split vendors >10) | F62: 12 | G62: 26.99 | H62: =F62*G62 -> 323.88
A63: RMS-29/40-120 casing (≥3 booster + 1 sustainer; fits both) | B63: Apogee | C63: #91291 | D63: Buy ▸ | E63: In stock | F63: 4 | G63: 100.34 | H63: =F63*G63 -> 401.36
A64: FirstFire Jr igniters (3-pk; spares + 2nd-stage) | B64: Apogee | C64: id 578 | D64: Buy ▸ | E64: In stock | F64: 3 | G64: 9.99 | H64: =F64*G64 -> 29.97
A65: Estes E12-0 motors — jetvane erosion (RQ3) | B65: Estes | C65: E12-0 | D65: Buy ▸ | E65: In stock | F65: 6 | G65: 10 | H65: =F65*G65 -> 60
A66: Subtotal | H66: =SUM(H61:H65) -> 1081.61
A68: 7. Airframe & Mechanism (filament, qty = kg, unit = $/kg)
A69: Item | B69: Storefront | C69: Part # / Spec | D69: Link | E69: Stock | F69: Qty | G69: Unit ($) | H69: Line ($)
A70: PETG-CF (structure + FC bay) | B70: Bambu Lab | C70: PETG-CF | D70: Buy ▸ | E70: In stock | F70: 0.38 | G70: 25.99 | H70: =F70*G70 -> 9.8762
A71: ASA Aero (nose / fairings) | B71: Bambu Lab | C71: ASA-Aero | D71: Buy ▸ | E71: In stock | F71: 0.08 | G71: 45.99 | H71: =F71*G71 -> 3.6792
A72: PC-FR (fins + TVC bay + bulkhead) | B72: Bambu Lab | C72: PC-FR | D72: Buy ▸ | E72: In stock | F72: 0.28 | G72: 43.99 | H72: =F72*G72 -> 12.3172
A73: PLA Basic (RQ2 fin test articles) | B73: Bambu Lab | C73: PLA-Basic | D73: Buy ▸ | E73: In stock | F73: 0.06 | G73: 19.99 | H73: =F73*G73 -> 1.1994
A74: Subtotal | H74: =SUM(H70:H73) -> 27.072
A76: 8. Harness, Connectors & Assembly Consumables
A77: Item | B77: Storefront | C77: Part # / Spec | D77: Link | E77: Stock | F77: Qty | G77: Unit ($) | H77: Line ($)
A78: STEMMA QT JST-SH cable (female) | B78: Adafruit | C78: ID 4209 | D78: Buy ▸ | E78: In stock | F78: 3 | G78: 0.95 | H78: =F78*G78 -> 2.85
A79: STEMMA QT JST-SH cable (male) | B79: Adafruit | C79: ID 4397 | D79: Buy ▸ | E79: In stock | F79: 3 | G79: 0.95 | H79: =F79*G79 -> 2.85
A80: 24 AWG flexible silicone wire kit | B80: Amazon | C80: TUOFENG B07G2BWBX8 | D80: Buy ▸ | E80: In stock | F80: 1 | G80: 15.99 | H80: =F80*G80 -> 15.99
A81: Breadboard jumper wire kit + RBF pull-pin | B81: Amazon | C81: B0C1VDKPW2 | D81: Buy ▸ | E81: In stock | F81: 1 | G81: 14.99 | H81: =F81*G81 -> 14.99
A82: IDC 2x10 20P connector (5-pk) | B82: Amazon | C82: B01MT921QT | D82: Buy ▸ | E82: In stock | F82: 1 | G82: 9.75 | H82: =F82*G82 -> 9.75
A83: Kapton high-temp tape | B83: Amazon | C83: ELEGOO B072Z92QZ2 | D83: Buy ▸ | E83: In stock | F83: 1 | G83: 9.99 | H83: =F83*G83 -> 9.99
A84: 3:1 adhesive heat-shrink kit (130 pc) | B84: Amazon | C84: MILAPEAK B071H5XC7C | D84: Buy ▸ | E84: In stock | F84: 1 | G84: 10.99 | H84: =F84*G84 -> 10.99
A85: M2.5 brass standoff/screw/nut kit (220 pc) | B85: Amazon | C85: GeeekPi B07PHBTTGV | D85: Buy ▸ | E85: In stock | F85: 1 | G85: 13.99 | H85: =F85*G85 -> 13.99
A86: Super Lube PTFE grease | B86: Amazon | C86: B000XBH9HI | D86: Buy ▸ | E86: In stock | F86: 1 | G86: 10.99 | H86: =F86*G86 -> 10.99
A87: J-B Weld twin-tube epoxy | B87: Amazon | C87: B0B5VNG2YT | D87: Buy ▸ | E87: In stock | F87: 1 | G87: 21.39 | H87: =F87*G87 -> 21.39
A88: Subtotal | H88: =SUM(H78:H87) -> 113.78
A90: 9. Ground Support — launch & static stand
A91: Item | B91: Storefront | C91: Part # / Spec | D91: Link | E91: Stock | F91: Qty | G91: Unit ($) | H91: Line ($)
A92: 20 kg load cell + HX711 (static thrust stand) | B92: Amazon | C92: NOYITO B07BGS58TL | D92: Buy ▸ | E92: In stock | F92: 1 | G92: 14.99 | H92: =F92*G92 -> 14.99
A93: Metro M4 + microSD (stand DAQ) | B93: Adafruit | C93: ID 3382 | D93: Buy ▸ | E93: OOS→Nano | F93: 1 | G93: 27.5 | H93: =F93*G93 -> 27.5
A94: Servo TVC bench gimbal test rig | B94: McMaster* | C94: printed + hw | D94: Buy ▸ | E94: In stock | F94: 1 | G94: 25 | H94: =F94*G94 -> 25
A95: Estes Pro Series II launch controller | B95: Estes | C95: 2240 | D95: Buy ▸ | E95: In stock | F95: 1 | G95: 43.99 | H95: =F95*G95 -> 43.99
A96: 80/20 1010 launch rail (8 ft) + pad | B96: Amazon | C96: B01LWISXZL | D96: Buy ▸ | E96: In stock | F96: 1 | G96: 96 | H96: =F96*G96 -> 96
A97: PLA filament (wind tunnel build) — kg | B97: Bambu Lab | C97: PLA-Basic | D97: Buy ▸ | E97: In stock | F97: 0.8 | G97: 19.99 | H97: =F97*G97 -> 15.992
A98: Subtotal | H98: =SUM(H92:H97) -> 223.472
A100: 10. Tools — one-time, specialized
A101: Item | B101: Storefront | C101: Part # / Spec | D101: Link | E101: Stock | F101: Qty | G101: Unit ($) | H101: Line ($)
A102: Soldering kit 30-in-1 (iron, desolder, tweezers, solder) | B102: Amazon | C102: B07Q2B4ZY9 | D102: Buy ▸ | E102: In stock | F102: 1 | G102: 36.99 | H102: =F102*G102 -> 36.99
A103: AstroAI TRMS 6000-count multimeter | B103: Amazon | C103: B071JL6LLL | D103: Buy ▸ | E103: In stock | F103: 1 | G103: 31.99 | H103: =F103*G103 -> 31.99
A104: Helping-hands station w/ LED magnifier | B104: Amazon | C104: SainSmart B09B73XL33 | D104: Buy ▸ | E104: In stock | F104: 1 | G104: 33.99 | H104: =F104*G104 -> 33.99
A105: iFixit Pro Tech precision driver toolkit | B105: Amazon | C105: B01GF0KV6G | D105: Buy ▸ | E105: In stock | F105: 1 | G105: 74.99 | H105: =F105*G105 -> 74.99
A106: Neiko 01407A 6in digital caliper | B106: Amazon | C106: B000GSLKIW | D106: Buy ▸ | E106: In stock | F106: 1 | G106: 14.99 | H106: =F106*G106 -> 14.99
A107: iCrimp SN-2549 crimper + 1550-pc JST/Dupont kit | B107: Amazon | C107: B08ZRT496D | D107: Buy ▸ | E107: In stock | F107: 1 | G107: 29.99 | H107: =F107*G107 -> 29.99
A108: Subtotal | H108: =SUM(H102:H107) -> 222.94
A110: GRAND TOTAL (vehicle + electronics + harness + GSE + tools) | H110: =H22+H31+H42+H50+H57+H66+H74+H88+H98+H108 -> 2521.204

Sheet Summary
A1: WYVERN-E 3.0 — Cost Summary
A3: Category | B3: Subtotal ($)
A4: 1. Flight Computer, Sensors & Control | B4: =BOM!H22 -> 398.39
A5: 2. Power System (USB-C rechargeable) | B5: =BOM!H31 -> 82.97
A6: 3. Recovery & Pyro | B6: =BOM!H42 -> 208.1
A7: 4. TVC — System A (tri-solenoid; Teensy hardware PWM) | B7: =BOM!H50 -> 70.95
A8: 5. TVC — System B (servo-gimbal; PCA9685 hardware PWM) | B8: =BOM!H57 -> 91.92
A9: 6. Propulsion (reloads; booster ≥10 + 3+ casings per spec) | B9: =BOM!H66 -> 1081.61
A10: 7. Airframe & Mechanism (filament, qty = kg, unit = $/kg) | B10: =BOM!H74 -> 27.072
A11: 8. Harness, Connectors & Assembly Consumables | B11: =BOM!H88 -> 113.78
A12: 9. Ground Support — launch & static stand | B12: =BOM!H98 -> 223.472
A13: 10. Tools — one-time, specialized | B13: =BOM!H108 -> 222.94
A14: GRAND TOTAL | B14: =SUM(B4:B13) -> 2521.204
A16: + GSE & Test Equip (separate sheet) | B16: ='GSE & Test Equip'!H46 -> 594.9

Sheet Purchase Links
A1: WYVERN-E 3.0 — Full Purchase Links (master)
A3: Item | B3: Storefront | C3: Part # / Spec | D3: Full URL
A4: Raspberry Pi 5 (4 GB) | B4: Adafruit | C4: ID 5812 | D4: https://www.adafruit.com/product/5812
A5: Official Pi 5 Active Cooler | B5: Adafruit | C5: ID 5815 | D5: https://www.adafruit.com/product/5815
A6: Teensy 4.0 — real-time TVC PWM / control coprocessor | B6: PJRC* | C6: Teensy 4.0 | D6: https://www.pjrc.com/store/teensy40.html
A7: Camera Module 3 | B7: Adafruit | C7: ID 5657 | D7: https://www.adafruit.com/product/5657
A8: Pi 5 FPC camera cable 22→15-pin 200mm | B8: Adafruit | C8: ID 5818 | D8: https://www.adafruit.com/product/5818
A9: BNO085 9-DOF IMU (gimbal / FC / nose) | B9: Adafruit | C9: ID 4754 | D9: https://www.adafruit.com/product/4754
A10: LSM6DSO32 ±32 g accel/gyro | B10: Adafruit | C10: ID 4692 | D10: https://www.adafruit.com/product/4692
A11: LIS2MDL magnetometer | B11: Adafruit | C11: ID 4488 | D11: https://www.adafruit.com/product/4488
A12: BMP280 barometer | B12: Adafruit | C12: ID 2651 | D12: https://www.adafruit.com/product/2651
A13: BME688 gas/T/P/RH | B13: Adafruit | C13: ID 5046 | D13: https://www.adafruit.com/product/5046
A14: microSD SPI breakout (video + log) | B14: Adafruit | C14: ID 4682 | D14: https://www.adafruit.com/product/4682
... A69: iCrimp SN-2549 crimper + 1550-pc JST/Dupont kit | B69: Amazon | C69: B08ZRT496D | D69: https://www.amazon.com/dp/B08ZRT496D

Sheet GSE & Test Equip
A1: WYVERN-E 3.0 — GSE & Test Equipment (Hofferth wind tunnel · TVC balance)
A2: Fan = pick ONE: AC Infinity A8 (recommended, 724 CFM, force-measurement upgrade) OR Delta PFB1212UHE (compact 120 mm alt). See WYVERN_E3_GSE_TestEquipment.md for the trade study + print manifest. Amazon prices est.
A4: A. Wind Tunnel — Fan & Drive (RECOMMENDED: 8" duct fan, best for force measurement)
A5: Item | B5: Storefront | C5: Part # / Spec | D5: Link | E5: Need | F5: Qty | G5: Unit ($) | H5: Line ($)
A6: AC Infinity Cloudline A8 8" inline fan — 724 CFM, 42 dB, EC + 10-speed ctrl | B6: Amazon | C6: Cloudline A8 | D6: Buy ▸ | E6: Recommended | F6: 1 | G6: 89 | H6: =F6*G6 -> 89
A7: Rubber duct coupler + hose clamps (diffuser → A8) | B7: Amazon | C7: duct coupler | D7: Buy ▸ | E7: Recommended | F7: 1 | G7: 12 | H7: =F7*G7 -> 12
A8: Subtotal | H8: =SUM(H6:H7) -> 101
A10: A2. Wind Tunnel — Fan alternative (compact 120 mm high-static-pressure)
A11: Item | B11: Storefront | C11: Part # / Spec | D11: Link | E11: Need | F11: Qty | G11: Unit ($) | H11: Line ($)
A12: Delta PFB1212UHE 120mm fan — 253 CFM, 351 Pa, 48 W, 66 dB | B12: Amazon | C12: B0036WG1ES | D12: Buy ▸ | E12: Alt | F12: 1 | G12: 39 | H12: =F12*G12 -> 39
A13: 12 V 10 A supply (PFB1212UHE only) | B13: Amazon | C13: Bringsmart B07F8PTQSY | D13: Buy ▸ | E13: Alt | F13: 1 | G13: 18.99 | H13: =F13*G13 -> 18.99
A14: PWM DC speed controller 12-40 V 10 A (PFB only) | B14: Amazon | C14: RioRand B007TH4EN6 | D14: Buy ▸ | E14: Alt | F14: 1 | G14: 11.99 | H14: =F14*G14 -> 11.99
A15: Subtotal | H15: =SUM(H12:H14) -> 69.98
A17: B. Wind Tunnel — Flow Conditioning & Assembly
A18: Item | B18: Storefront | C18: Part # / Spec | D18: Link | E18: Need | F18: Qty | G18: Unit ($) | H18: Line ($)
A19: 40-mesh SS woven screen (15 cm) — flow conditioning | B19: Amazon | C19: Inoxia B074XFJWWV | D19: Buy ▸ | E19: Req'd | F19: 2 | G19: 11 | H19: =F19*G19 -> 22
A20: 80-mesh SS woven screen (15 cm) — flow conditioning | B20: Amazon | C20: Inoxia B074XGBD45 | D20: Buy ▸ | E20: Req'd | F20: 1 | G20: 11 | H20: =F20*G20 -> 11
A21: Heat-set insert assortment M2-M6 (M5 junction rings, M2.5 window tabs) | B21: Amazon | C21: HANGLIFE B0CTGVDLKH | D21: Buy ▸ | E21: Req'd | F21: 1 | G21: 13.99 | H21: =F21*G21 -> 13.99
A22: Neodymium discs 6×2 mm (Gridfinity test-article bases, 100 pc) | B22: Amazon | C22: B096RFNYD9 | D22: Buy ▸ | E22: Req'd | F22: 1 | G22: 8.99 | H22: =F22*G22 -> 8.99
A23: Neodymium discs 10×3 mm (test-section floor) | B23: Amazon | C23: 10×3 mm | D23: Buy ▸ | E23: Req'd | F23: 1 | G23: 9.99 | H23: =F23*G23 -> 9.99
A24: 2 mm OD brass tube (smoke-rake exit ports) | B24: Amazon | C24: brass tube | D24: Buy ▸ | E24: Optional | F24: 1 | G24: 9.99 | H24: =F24*G24 -> 9.99
A25: 3 mm acrylic windows (80×130) or SendCutSend preset cart | B25: SendCutSend* | C25: preset cart | D25: Buy ▸ | E25: Req'd | F25: 1 | G25: 29 | H25: =F25*G25 -> 29
A26: O-rings ASTM A568-160 / -275 (inter-module seal) | B26: Amazon | C26: A568 | D26: Buy ▸ | E26: Optional | F26: 1 | G26: 12 | H26: =F26*G26 -> 12
A27: Subtotal | H27: =SUM(H19:H26) -> 116.96
A29: C. Wind Tunnel — Smoke/Light Visualization (optional)
A30: Item | B30: Storefront | C30: Part # / Spec | D30: Link | E30: Need | F30: Qty | G30: Unit ($) | H30: Line ($)
A31: ¼" Loc-Line coolant hose kit (smoke rake feed) | B31: Amazon | C31: LP-40413 B002QG4F8Y | D31: Buy ▸ | E31: Optional | F31: 1 | G31: 14.99 | H31: =F31*G31 -> 14.99
A32: VG/PG smoke juice | B32: Amazon | C32: VG+PG | D32: Buy ▸ | E32: Optional | F32: 1 | G32: 15 | H32: =F32*G32 -> 15
A33: 520 nm green line laser (light sheet) | B33: Amazon | C33: OXLasers B0BY15NCY8 | D33: Buy ▸ | E33: Optional | F33: 1 | G33: 39 | H33: =F33*G33 -> 39
A34: RGBWW LED flood (Aputure MC) | B34: Amazon | C34: Aputure MC | D34: Buy ▸ | E34: Optional | F34: 1 | G34: 90 | H34: =F34*G34 -> 90
A35: Handheld VG/PG fogger (MicroFogger / Ulanzi Filmog) | B35: see Hofferth list | C35: fogger | D35: Buy ▸ | E35: Optional | F35: 1 | G35: 100 | H35: =F35*G35 -> 100
A36: Subtotal | H36: =SUM(H31:H35) -> 258.99
A38: D. TVC Thrust-Vector Balance (ground test — both A & B)
A39: Item | B39: Storefront | C39: Part # / Spec | D39: Link | E39: Need | F39: Qty | G39: Unit ($) | H39: Line ($)
A40: 10 kg load cell + HX711 — axial (Z) thrust | B40: Amazon | C40: NOYITO B07CN1VDC4 | D40: Buy ▸ | E40: Req'd | F40: 1 | G40: 10.99 | H40: =F40*G40 -> 10.99
A41: 1 kg load cell + HX711 — lateral (X,Y) side-force | B41: Amazon | C41: NOYITO B07BGRDKG5 | D41: Buy ▸ | E41: Req'd | F41: 2 | G41: 10.99 | H41: =F41*G41 -> 21.98
A42: Steel blast-deflector plate (~150×150×3 mm) | B42: McMaster* | C42: mild steel | D42: Buy ▸ | E42: Req'd | F42: 1 | G42: 15 | H42: =F42*G42 -> 15
A43: DAQ — Arduino Nano (already in master BOM; reused here) | B43: — | C43: see BOM §1 | D43: — | E43: Have | F43: 0 | G43: 0 | H43: =F43*G43 -> 0
A44: Subtotal | H44: =SUM(H40:H43) -> 47.97
A46: GSE & TEST EQUIP TOTAL (fan = pick one; separate from vehicle BOM) | H46: =H8+H15+H27+H36+H44 -> 594.9
